observation_date,DAAA
2020-02-07,2.77
2020-02-10,2.77
2020-02-11,2.80
2020-02-12,2.84
2020-02-13,2.83
2020-02-14,2.79
2020-02-17,
2020-02-18,2.76
2020-02-19,2.79
2020-02-20,2.77
2020-02-21,2.74
2020-02-24,2.72
2020-02-25,2.71
2020-02-26,2.69
2020-02-27,2.70
2020-02-28,2.70
2020-03-02,2.61
2020-03-03,2.60
2020-03-04,2.55
2020-03-05,2.52
2020-03-06,2.36
2020-03-09,2.46
2020-03-10,2.67
2020-03-11,2.67
2020-03-12,2.94
2020-03-13,3.03
2020-03-16,2.88
2020-03-17,3.40
2020-03-18,3.92
2020-03-19,3.86
2020-03-20,4.12
2020-03-23,3.57
2020-03-24,3.44
2020-03-25,3.34
2020-03-26,3.07
2020-03-27,2.95
2020-03-30,2.71
2020-03-31,2.73
2020-04-01,2.76
2020-04-02,2.64
2020-04-03,2.63
2020-04-06,2.63
2020-04-07,2.55
2020-04-08,2.56
2020-04-09,2.46
2020-04-10,
2020-04-13,2.35
2020-04-14,2.23
2020-04-15,2.37
2020-04-16,2.31
2020-04-17,2.41
2020-04-20,2.36
2020-04-21,2.33
2020-04-22,2.36
2020-04-23,2.25
2020-04-24,2.30
2020-04-27,2.39
2020-04-28,2.35
2020-04-29,2.38
2020-04-30,2.38
2020-05-01,2.42
2020-05-04,2.39
2020-05-05,2.41
2020-05-06,2.61
2020-05-07,2.52
2020-05-08,2.54
2020-05-11,2.69
2020-05-12,2.66
2020-05-13,2.54
2020-05-14,2.51
2020-05-15,2.51
2020-05-18,2.56
2020-05-19,2.50
2020-05-20,2.48
2020-05-21,2.45
2020-05-22,2.41
2020-05-25,
2020-05-26,2.49
2020-05-27,2.47
2020-05-28,2.46
2020-05-29,2.43
2020-06-01,2.45
2020-06-02,2.45
2020-06-03,2.53
2020-06-04,2.59
2020-06-05,2.54
2020-06-08,2.48
2020-06-09,2.47
2020-06-10,2.47
2020-06-11,2.40
2020-06-12,2.42
2020-06-15,2.51
2020-06-16,2.37
2020-06-17,2.43
2020-06-18,2.37
2020-06-19,2.43
2020-06-22,2.40
2020-06-23,2.43
2020-06-24,2.40
2020-06-25,2.40
2020-06-26,2.35
2020-06-29,2.38
2020-06-30,2.34
2020-07-01,2.40
2020-07-02,2.37
2020-07-03,
2020-07-06,2.33
2020-07-07,2.27
2020-07-08,2.24
2020-07-09,2.16
2020-07-10,2.19
2020-07-13,2.18
2020-07-14,2.13
2020-07-15,2.15
2020-07-16,2.14
2020-07-17,2.13
2020-07-20,2.10
2020-07-21,2.08
2020-07-22,2.08
2020-07-23,2.05
2020-07-24,2.01
2020-07-27,2.03
2020-07-28,2.02
2020-07-29,2.06
2020-07-30,2.03
2020-07-31,2.03
2020-08-03,2.09
2020-08-04,2.08
2020-08-05,2.03
2020-08-06,2.04
2020-08-07,2.03
2020-08-10,2.06
2020-08-11,2.15
2020-08-12,2.17
2020-08-13,2.29
2020-08-14,2.30
2020-08-17,2.32
2020-08-18,2.30
2020-08-19,2.33
2020-08-20,2.33
2020-08-21,2.30
2020-08-24,2.31
2020-08-25,2.36
2020-08-26,2.40
2020-08-27,2.46
2020-08-28,2.40
2020-08-31,2.42
2020-09-01,2.34
2020-09-02,2.26
2020-09-03,2.22
2020-09-04,2.34
2020-09-07,
2020-09-08,2.29
2020-09-09,2.39
2020-09-10,2.34
2020-09-11,2.32
2020-09-14,2.32
2020-09-15,2.33
2020-09-16,2.31
2020-09-17,2.30
2020-09-18,2.30
2020-09-21,2.28
2020-09-22,2.27
2020-09-23,2.31
2020-09-24,2.33
2020-09-25,2.31
2020-09-28,2.36
2020-09-29,2.34
2020-09-30,2.32
2020-10-01,2.33
2020-10-02,2.37
2020-10-05,2.45
2020-10-06,2.39
2020-10-07,2.38
2020-10-08,2.33
2020-10-09,2.34
2020-10-12,
2020-10-13,2.29
2020-10-14,2.27
2020-10-15,2.28
2020-10-16,2.29
2020-10-19,2.29
2020-10-20,2.36
2020-10-21,2.40
2020-10-22,2.43
2020-10-23,2.41
2020-10-26,2.36
2020-10-27,2.35
2020-10-28,2.33
2020-10-29,2.40
2020-10-30,2.39
2020-11-02,2.37
2020-11-03,2.41
2020-11-04,2.29
2020-11-05,2.24
2020-11-06,2.31
2020-11-09,2.39
2020-11-10,2.42
2020-11-11,
2020-11-12,2.36
2020-11-13,2.35
2020-11-16,2.35
2020-11-17,2.31
2020-11-18,2.26
2020-11-19,2.28
2020-11-20,2.24
2020-11-23,2.24
2020-11-24,2.26
2020-11-25,2.26
2020-11-26,
2020-11-27,2.20
2020-11-30,2.20
2020-12-01,2.23
2020-12-02,2.25
2020-12-03,2.21
2020-12-04,2.26
2020-12-07,2.26
2020-12-08,2.25
2020-12-09,2.29
2020-12-10,2.29
2020-12-11,2.27
2020-12-14,2.25
2020-12-15,2.31
2020-12-16,2.27
2020-12-17,2.28
2020-12-18,2.32
2020-12-21,2.28
2020-12-22,2.23
2020-12-23,2.28
2020-12-24,2.26
2020-12-25,
2020-12-28,2.25
2020-12-29,2.25
2020-12-30,2.22
2020-12-31,2.23
2021-01-01,
2021-01-04,2.28
2021-01-05,2.28
2021-01-06,2.36
2021-01-07,2.46
2021-01-08,2.48
2021-01-11,2.48
2021-01-12,2.50
2021-01-13,2.43
2021-01-14,2.54
2021-01-15,2.46
2021-01-18,
2021-01-19,2.44
2021-01-20,2.45
2021-01-21,2.53
2021-01-22,2.51
2021-01-25,2.49
2021-01-26,2.47
2021-01-27,2.42
2021-01-28,2.48
2021-01-29,2.51
2021-02-01,2.53
2021-02-02,2.58
2021-02-03,2.64
2021-02-04,2.61
2021-02-05,2.63
2021-02-08,2.61
2021-02-09,2.60
2021-02-10,2.58
2021-02-11,2.60
2021-02-12,2.65
2021-02-15,
2021-02-16,2.72
2021-02-17,2.66
2021-02-18,2.70
2021-02-19,2.76
2021-02-22,2.81
2021-02-23,2.88
2021-02-24,2.92
2021-02-25,2.96
2021-02-26,2.86
2021-03-01,2.85
2021-03-02,2.88
2021-03-03,2.94
2021-03-04,3.00
2021-03-05,2.97
2021-03-08,3.00
2021-03-09,2.98
2021-03-10,2.99
2021-03-11,3.02
2021-03-12,3.13
2021-03-15,3.10
2021-03-16,3.12
2021-03-17,3.17
2021-03-18,3.19
2021-03-19,3.13
2021-03-22,3.07
2021-03-23,3.03
2021-03-24,3.00
2021-03-25,3.02
2021-03-26,3.06
2021-03-29,3.08
2021-03-30,3.04
2021-03-31,3.04
2021-04-01,2.91
2021-04-02,
2021-04-05,2.94
2021-04-06,2.92
2021-04-07,2.96
2021-04-08,2.93
2021-04-09,2.92
2021-04-12,2.93
2021-04-13,2.89
2021-04-14,2.90
2021-04-15,2.78
2021-04-16,2.85
2021-04-19,2.90
2021-04-20,2.87
2021-04-21,2.87
2021-04-22,2.86
2021-04-23,2.88
2021-04-26,2.87
2021-04-27,2.91
2021-04-28,2.92
2021-04-29,2.92
2021-04-30,2.94
2021-05-03,2.92
2021-05-04,2.90
2021-05-05,2.89
2021-05-06,2.87
2021-05-07,2.91
2021-05-10,2.95
2021-05-11,3.01
2021-05-12,3.08
2021-05-13,3.05
2021-05-14,3.00
2021-05-17,3.00
2021-05-18,3.01
2021-05-19,3.04
2021-05-20,2.98
2021-05-21,2.97
2021-05-24,2.94
2021-05-25,2.89
2021-05-26,2.88
2021-05-27,2.93
2021-05-28,2.90
2021-05-31,
2021-06-01,2.93
2021-06-02,2.94
2021-06-03,2.96
2021-06-04,2.88
2021-06-07,2.91
2021-06-08,2.86
2021-06-09,2.81
2021-06-10,2.81
2021-06-11,2.80
2021-06-14,2.83
2021-06-15,2.83
2021-06-16,2.80
2021-06-17,2.71
2021-06-18,2.64
2021-06-21,2.71
2021-06-22,2.72
2021-06-23,2.72
2021-06-24,2.71
2021-06-25,2.77
2021-06-28,2.67
2021-06-29,2.67
2021-06-30,2.63
2021-07-01,2.64
2021-07-02,2.62
2021-07-05,
2021-07-06,2.60
2021-07-07,2.57
2021-07-08,2.54
2021-07-09,2.62
2021-07-12,2.64
2021-07-13,2.67
2021-07-14,2.62
2021-07-15,2.55
2021-07-16,2.56
2021-07-19,2.49
2021-07-20,2.52
2021-07-21,2.57
2021-07-22,2.54
2021-07-23,2.57
2021-07-26,2.56
2021-07-27,2.53
2021-07-28,2.52
2021-07-29,2.51
2021-07-30,2.51
2021-08-02,2.48
2021-08-03,2.49
2021-08-04,2.49
2021-08-05,2.50
2021-08-06,2.58
2021-08-09,2.60
2021-08-10,2.62
2021-08-11,2.66
2021-08-12,2.66
2021-08-13,2.58
2021-08-16,2.54
2021-08-17,2.54
2021-08-18,2.53
2021-08-19,2.52
2021-08-20,2.51
2021-08-23,2.49
2021-08-24,2.53
2021-08-25,2.58
2021-08-26,2.57
2021-08-27,2.54
2021-08-30,2.51
2021-08-31,2.54
2021-09-01,2.54
2021-09-02,2.51
2021-09-03,2.54
2021-09-06,
2021-09-07,2.59
2021-09-08,2.55
2021-09-09,2.51
2021-09-10,2.51
2021-09-13,2.48
2021-09-14,2.42
2021-09-15,2.44
2021-09-16,2.45
2021-09-17,2.48
2021-09-20,2.42
2021-09-21,2.45
2021-09-22,2.45
2021-09-23,2.52
2021-09-24,2.59
2021-09-27,2.59
2021-09-28,2.68
2021-09-29,2.69
2021-09-30,2.70
2021-10-01,2.65
2021-10-04,2.65
2021-10-05,2.71
2021-10-06,2.69
2021-10-07,2.75
2021-10-08,2.77
2021-10-11,
2021-10-12,2.75
2021-10-13,2.66
2021-10-14,2.62
2021-10-15,2.66
2021-10-18,2.63
2021-10-19,2.70
2021-10-20,2.73
2021-10-21,2.76
2021-10-22,2.72
2021-10-25,2.72
2021-10-26,2.70
2021-10-27,2.59
2021-10-28,2.61
2021-10-29,2.59
2021-11-01,2.61
2021-11-02,2.63
2021-11-03,2.64
2021-11-04,2.58
2021-11-05,2.50
2021-11-08,2.50
2021-11-09,2.46
2021-11-10,2.57
2021-11-11,2.57
2021-11-12,2.61
2021-11-15,2.66
2021-11-16,2.71
2021-11-17,2.66
2021-11-18,2.69
2021-11-19,2.63
2021-11-22,2.70
2021-11-23,2.76
2021-11-24,2.72
2021-11-25,
2021-11-26,2.61
2021-11-29,2.67
2021-11-30,2.57
2021-12-01,2.59
2021-12-02,2.59
2021-12-03,2.49
2021-12-06,2.54
2021-12-07,2.56
2021-12-08,2.63
2021-12-09,2.65
2021-12-10,2.67
2021-12-13,2.60
2021-12-14,2.60
2021-12-15,2.67
2021-12-16,2.67
2021-12-17,2.63
2021-12-20,2.66
2021-12-21,2.70
2021-12-22,2.69
2021-12-23,2.74
2021-12-24,
2021-12-27,2.73
2021-12-28,2.71
2021-12-29,2.70
2021-12-30,2.71
2021-12-31,
2022-01-03,2.79
2022-01-04,2.82
2022-01-05,2.84
2022-01-06,2.81
2022-01-07,2.88
2022-01-10,2.92
2022-01-11,2.86
2022-01-12,2.86
2022-01-13,2.83
2022-01-14,2.92
2022-01-17,
2022-01-18,3.00
2022-01-19,2.95
2022-01-20,3.00
2022-01-21,2.95
2022-01-24,3.02
2022-01-25,3.04
2022-01-26,3.07
2022-01-27,3.01
2022-01-28,3.05
2022-01-31,3.06
2022-02-01,3.08
2022-02-02,3.05
2022-02-03,3.12
2022-02-04,3.22
2022-02-07,3.20
2022-02-08,3.21
2022-02-09,3.17
2022-02-10,3.25
2022-02-11,3.22
2022-02-14,3.26
2022-02-15,3.31
2022-02-16,3.35
2022-02-17,3.34
2022-02-18,3.29
2022-02-21,
2022-02-22,3.34
2022-02-23,3.36
2022-02-24,3.36
2022-02-25,3.37
2022-02-28,3.26
2022-03-01,3.20
2022-03-02,3.32
2022-03-03,3.31
2022-03-04,3.24
2022-03-07,3.31
2022-03-08,3.41
2022-03-09,3.41
2022-03-10,3.50
2022-03-11,3.47
2022-03-14,3.57
2022-03-15,3.63
2022-03-16,3.56
2022-03-17,3.47
2022-03-18,3.28
2022-03-21,3.46
2022-03-22,3.51
2022-03-23,3.51
2022-03-24,3.49
2022-03-25,3.54
2022-03-28,3.51
2022-03-29,3.47
2022-03-30,3.40
2022-03-31,3.38
2022-04-01,3.32
2022-04-04,3.33
2022-04-05,3.44
2022-04-06,3.51
2022-04-07,3.55
2022-04-08,3.60
2022-04-11,3.73
2022-04-12,3.75
2022-04-13,3.77
2022-04-14,3.88
2022-04-15,
2022-04-18,3.89
2022-04-19,3.95
2022-04-20,3.87
2022-04-21,3.92
2022-04-22,3.96
2022-04-25,3.92
2022-04-26,3.92
2022-04-27,3.97
2022-04-28,3.99
2022-04-29,4.01
2022-05-02,4.18
2022-05-03,4.11
2022-05-04,4.08
2022-05-05,4.28
2022-05-06,4.28
2022-05-09,4.28
2022-05-10,4.20
2022-05-11,4.12
2022-05-12,4.05
2022-05-13,4.19
2022-05-16,4.18
2022-05-17,4.26
2022-05-18,4.18
2022-05-19,4.18
2022-05-20,4.11
2022-05-23,4.15
2022-05-24,4.06
2022-05-25,4.01
2022-05-26,3.98
2022-05-27,3.95
2022-05-30,
2022-05-31,4.00
2022-06-01,4.02
2022-06-02,4.02
2022-06-03,4.06
2022-06-06,4.14
2022-06-07,4.06
2022-06-08,4.13
2022-06-09,4.14
2022-06-10,4.20
2022-06-13,4.44
2022-06-14,4.50
2022-06-15,4.39
2022-06-16,4.41
2022-06-17,4.32
2022-06-20,
2022-06-21,4.40
2022-06-22,4.27
2022-06-23,4.21
2022-06-24,4.25
2022-06-27,4.29
2022-06-28,4.30
2022-06-29,4.21
2022-06-30,4.19
2022-07-01,4.26
2022-07-04,
2022-07-05,4.12
2022-07-06,4.17
2022-07-07,4.20
2022-07-08,4.23
2022-07-11,4.11
2022-07-12,4.13
2022-07-13,4.06
2022-07-14,4.09
2022-07-15,4.07
2022-07-18,4.07
2022-07-19,4.11
2022-07-20,4.08
2022-07-21,3.97
2022-07-22,3.91
2022-07-25,3.97
2022-07-26,3.96
2022-07-27,3.90
2022-07-28,3.90
2022-07-29,3.85
2022-08-01,3.80
2022-08-02,3.90
2022-08-03,3.91
2022-08-04,3.89
2022-08-05,4.03
2022-08-08,3.97
2022-08-09,3.95
2022-08-10,3.97
2022-08-11,4.07
2022-08-12,4.05
2022-08-15,3.96
2022-08-16,4.02
2022-08-17,4.08
2022-08-18,4.08
2022-08-19,4.18
2022-08-22,4.19
2022-08-23,4.23
2022-08-24,4.27
2022-08-25,4.17
2022-08-26,4.16
2022-08-29,4.23
2022-08-30,4.22
2022-08-31,4.27
2022-09-01,4.41
2022-09-02,4.38
2022-09-05,
2022-09-06,4.55
2022-09-07,4.43
2022-09-08,4.48
2022-09-09,4.47
2022-09-12,4.46
2022-09-13,4.50
2022-09-14,4.45
2022-09-15,4.48
2022-09-16,4.53
2022-09-19,4.52
2022-09-20,4.59
2022-09-21,4.51
2022-09-22,4.65
2022-09-23,4.66
2022-09-26,4.74
2022-09-27,4.92
2022-09-28,4.81
2022-09-29,4.89
2022-09-30,4.91
2022-10-03,4.84
2022-10-04,4.77
2022-10-05,4.86
2022-10-06,4.87
2022-10-07,4.90
2022-10-10,5.00
2022-10-11,5.04
2022-10-12,5.11
2022-10-13,5.08
2022-10-14,5.09
2022-10-17,5.10
2022-10-18,5.11
2022-10-19,5.24
2022-10-20,5.31
2022-10-21,5.38
2022-10-24,5.41
2022-10-25,5.30
2022-10-26,5.21
2022-10-27,5.13
2022-10-28,5.13
2022-10-31,5.18
2022-11-01,5.09
2022-11-02,5.08
2022-11-03,5.17
2022-11-04,5.23
2022-11-07,5.29
2022-11-08,5.22
2022-11-09,5.29
2022-11-10,5.02
2022-11-11,
2022-11-14,4.98
2022-11-15,4.86
2022-11-16,4.75
2022-11-17,4.77
2022-11-18,4.78
2022-11-21,4.75
2022-11-22,4.69
2022-11-23,4.56
2022-11-24,
2022-11-25,4.55
2022-11-28,4.57
2022-11-29,4.63
2022-11-30,4.66
2022-12-01,4.43
2022-12-02,4.36
2022-12-05,4.41
2022-12-06,4.31
2022-12-07,4.21
2022-12-08,4.20
2022-12-09,4.31
2022-12-12,4.32
2022-12-13,4.26
2022-12-14,4.28
2022-12-15,4.24
2022-12-16,4.32
2022-12-19,4.38
2022-12-20,4.53
2022-12-21,4.54
2022-12-22,4.51
2022-12-23,4.60
2022-12-26,
2022-12-27,4.69
2022-12-28,4.72
2022-12-29,4.68
2022-12-30,4.70
2023-01-02,
2023-01-03,4.69
2023-01-04,4.59
2023-01-05,4.56
2023-01-06,4.46
2023-01-09,4.42
2023-01-10,4.51
2023-01-11,4.40
2023-01-12,4.29
2023-01-13,4.34
2023-01-16,
2023-01-17,4.33
2023-01-18,4.23
2023-01-19,4.27
2023-01-20,4.36
2023-01-23,4.39
2023-01-24,4.33
2023-01-25,4.35
2023-01-26,4.34
2023-01-27,4.34
2023-01-30,4.38
2023-01-31,4.41
2023-02-01,4.29
2023-02-02,4.28
2023-02-03,4.35
2023-02-06,4.41
2023-02-07,4.46
2023-02-08,4.46
2023-02-09,4.50
2023-02-10,4.60
2023-02-13,4.55
2023-02-14,4.55
2023-02-15,4.59
2023-02-16,4.64
2023-02-17,4.65
2023-02-20,
2023-02-21,4.76
2023-02-22,4.71
2023-02-23,4.68
2023-02-24,4.75
2023-02-27,4.73
2023-02-28,4.76
2023-03-01,4.78
2023-03-02,4.83
2023-03-03,4.68
2023-03-06,4.70
2023-03-07,4.70
2023-03-08,4.72
2023-03-09,4.73
2023-03-10,4.58
2023-03-13,4.61
2023-03-14,4.68
2023-03-15,4.60
2023-03-16,4.59
2023-03-17,4.47
2023-03-20,4.52
2023-03-21,4.59
2023-03-22,4.53
2023-03-23,4.53
2023-03-24,4.44
2023-03-27,4.54
2023-03-28,4.51
2023-03-29,4.52
2023-03-30,4.48
2023-03-31,4.38
2023-04-03,4.35
2023-04-04,4.41
2023-04-05,4.38
2023-04-06,4.36
2023-04-07,
2023-04-10,4.45
2023-04-11,4.43
2023-04-12,4.45
2023-04-13,4.48
2023-04-14,4.52
2023-04-17,4.56
2023-04-18,4.52
2023-04-19,4.53
2023-04-20,4.52
2023-04-21,4.54
2023-04-24,4.48
2023-04-25,4.42
2023-04-26,4.46
2023-04-27,4.53
2023-04-28,4.45
2023-05-01,4.61
2023-05-02,4.53
2023-05-03,4.52
2023-05-04,4.55
2023-05-05,4.56
2023-05-08,4.64
2023-05-09,4.66
2023-05-10,4.60
2023-05-11,4.54
2023-05-12,4.55
2023-05-15,4.66
2023-05-16,4.73
2023-05-17,4.73
2023-05-18,4.73
2023-05-19,4.76
2023-05-22,4.78
2023-05-23,4.77
2023-05-24,4.80
2023-05-25,4.81
2023-05-26,4.77
2023-05-29,
2023-05-30,4.71
2023-05-31,4.67
2023-06-01,4.64
2023-06-02,4.68
2023-06-05,4.69
2023-06-06,4.67
2023-06-07,4.74
2023-06-08,4.69
2023-06-09,4.70
2023-06-12,4.72
2023-06-13,4.74
2023-06-14,4.68
2023-06-15,4.63
2023-06-16,4.62
2023-06-19,
2023-06-20,4.59
2023-06-21,4.57
2023-06-22,4.64
2023-06-23,4.60
2023-06-26,4.60
2023-06-27,4.62
2023-06-28,4.57
2023-06-29,4.67
2023-06-30,4.60
2023-07-03,4.63
2023-07-04,
2023-07-05,4.69
2023-07-06,4.75
2023-07-07,4.77
2023-07-10,4.80
2023-07-11,4.77
2023-07-12,4.68
2023-07-13,4.60
2023-07-14,4.63
2023-07-17,4.62
2023-07-18,4.61
2023-07-19,4.53
2023-07-20,4.62
2023-07-21,4.62
2023-07-24,4.62
2023-07-25,4.64
2023-07-26,4.62
2023-07-27,4.74
2023-07-28,4.68
2023-07-31,4.66
2023-08-01,4.76
2023-08-02,4.83
2023-08-03,5.00
2023-08-04,4.88
2023-08-07,4.94
2023-08-08,4.89
2023-08-09,4.85
2023-08-10,4.92
2023-08-11,4.97
2023-08-14,4.95
2023-08-15,5.00
2023-08-16,5.05
2023-08-17,5.11
2023-08-18,5.09
2023-08-21,5.16
2023-08-22,5.10
2023-08-23,4.97
2023-08-24,4.96
2023-08-25,4.95
2023-08-28,4.93
2023-08-29,4.88
2023-08-30,4.87
2023-08-31,4.85
2023-09-01,4.94
2023-09-04,
2023-09-05,5.03
2023-09-06,5.03
2023-09-07,5.02
2023-09-08,5.00
2023-09-11,5.04
2023-09-12,5.01
2023-09-13,5.00
2023-09-14,5.05
2023-09-15,5.07
2023-09-18,5.08
2023-09-19,5.10
2023-09-20,5.07
2023-09-21,5.21
2023-09-22,5.15
2023-09-25,5.29
2023-09-26,5.32
2023-09-27,5.38
2023-09-28,5.38
2023-09-29,5.36
2023-10-02,5.46
2023-10-03,5.60
2023-10-04,5.55
2023-10-05,5.56
2023-10-06,5.60
2023-10-09,
2023-10-10,5.47
2023-10-11,5.38
2023-10-12,5.52
2023-10-13,5.43
2023-10-16,5.52
2023-10-17,5.59
2023-10-18,5.65
2023-10-19,5.79
2023-10-20,5.80
2023-10-23,5.70
2023-10-24,5.67
2023-10-25,5.77
2023-10-26,5.68
2023-10-27,5.71
2023-10-30,5.73
2023-10-31,5.72
2023-11-01,5.67
2023-11-02,5.50
2023-11-03,5.43
2023-11-06,5.51
2023-11-07,5.41
2023-11-08,5.32
2023-11-09,5.44
2023-11-10,5.40
2023-11-13,5.41
2023-11-14,5.24
2023-11-15,5.31
2023-11-16,5.25
2023-11-17,5.21
2023-11-20,5.17
2023-11-21,5.17
2023-11-22,5.14
2023-11-23,
2023-11-24,5.20
2023-11-27,5.08
2023-11-28,5.06
2023-11-29,4.99
2023-11-30,5.01
2023-12-01,4.93
2023-12-04,4.96
2023-12-05,4.86
2023-12-06,4.77
2023-12-07,4.83
2023-12-08,4.91
2023-12-11,4.91
2023-12-12,4.88
2023-12-13,4.75
2023-12-14,4.60
2023-12-15,4.61
2023-12-18,4.65
2023-12-19,4.64
2023-12-20,4.61
2023-12-21,4.66
2023-12-22,4.70
2023-12-25,
2023-12-26,4.68
2023-12-27,4.57
2023-12-28,4.61
2023-12-29,4.65
2024-01-01,
2024-01-02,4.75
2024-01-03,4.75
2024-01-04,4.85
2024-01-05,4.89
2024-01-08,4.83
2024-01-09,4.79
2024-01-10,4.79
2024-01-11,4.77
2024-01-12,4.78
2024-01-15,
2024-01-16,4.88
2024-01-17,4.88
2024-01-18,4.93
2024-01-19,4.94
2024-01-22,4.89
2024-01-23,4.95
2024-01-24,4.98
2024-01-25,4.95
2024-01-26,4.95
2024-01-29,4.93
2024-01-30,4.89
2024-01-31,4.86
2024-02-01,4.75
2024-02-02,4.87
2024-02-05,4.99
2024-02-06,4.91
2024-02-07,4.93
2024-02-08,5.00
2024-02-09,5.02
2024-02-12,5.02
2024-02-13,5.13
2024-02-14,5.12
2024-02-15,5.09
2024-02-16,5.11
2024-02-19,
2024-02-20,5.09
2024-02-21,5.10
2024-02-22,5.07
2024-02-23,5.01
2024-02-26,5.07
2024-02-27,5.10
2024-02-28,5.08
2024-02-29,5.05
2024-03-01,5.01
2024-03-04,5.03
2024-03-05,5.01
2024-03-06,4.93
2024-03-07,4.93
2024-03-08,4.93
2024-03-11,4.94
2024-03-12,4.96
2024-03-13,4.99
2024-03-14,5.07
2024-03-15,5.05
2024-03-18,5.05
2024-03-19,5.04
2024-03-20,5.09
2024-03-21,5.06
2024-03-22,5.01
2024-03-25,5.05
2024-03-26,5.03
2024-03-27,5.00
2024-03-28,4.97
2024-03-29,
2024-04-01,5.09
2024-04-02,5.13
2024-04-03,5.12
2024-04-04,5.08
2024-04-05,5.16
2024-04-08,5.16
2024-04-09,5.10
2024-04-10,5.24
2024-04-11,5.27
2024-04-12,5.22
2024-04-15,5.37
2024-04-16,5.40
2024-04-17,5.34
2024-04-18,5.40
2024-04-19,5.35
2024-04-22,5.35
2024-04-23,5.34
2024-04-24,5.41
2024-04-25,5.45
2024-04-26,5.39
2024-04-29,5.35
2024-04-30,5.41
2024-05-01,5.33
2024-05-02,5.33
2024-05-03,5.27
2024-05-06,5.25
2024-05-07,5.21
2024-05-08,5.24
2024-05-09,5.23
2024-05-10,5.27
2024-05-13,5.26
2024-05-14,5.22
2024-05-15,5.15
2024-05-16,5.16
2024-05-17,5.19
2024-05-20,5.20
2024-05-21,5.19
2024-05-22,5.21
2024-05-23,5.24
2024-05-24,5.24
2024-05-27,
2024-05-28,5.32
2024-05-29,5.40
2024-05-30,5.34
2024-05-31,5.30
2024-06-03,5.19
2024-06-04,5.14
2024-06-05,5.12
2024-06-06,5.11
2024-06-07,5.20
2024-06-10,5.25
2024-06-11,5.20
2024-06-12,5.09
2024-06-13,5.05
2024-06-14,5.04
2024-06-17,5.11
2024-06-18,5.06
2024-06-19,
2024-06-20,5.11
2024-06-21,5.12
2024-06-24,5.07
2024-06-25,5.07
2024-06-26,5.17
2024-06-27,5.14
2024-06-28,5.19
2024-07-01,5.32
2024-07-02,5.27
2024-07-03,5.17
2024-07-04,
2024-07-05,5.12
2024-07-08,5.11
2024-07-09,5.14
2024-07-10,5.12
2024-07-11,5.05
2024-07-12,5.04
2024-07-15,5.09
2024-07-16,5.02
2024-07-17,5.01
2024-07-18,5.04
2024-07-19,5.09
2024-07-22,5.13
2024-07-23,5.13
2024-07-24,5.22
2024-07-25,5.18
2024-07-26,5.13
2024-07-29,5.11
2024-07-30,5.08
2024-07-31,5.04
2024-08-01,4.98
2024-08-02,4.88
2024-08-05,4.88
2024-08-06,4.96
2024-08-07,5.03
2024-08-08,5.04
2024-08-09,4.98
2024-08-12,4.97
2024-08-13,4.92
2024-08-14,4.83
2024-08-15,4.86
2024-08-16,4.83
2024-08-19,4.80
2024-08-20,4.76
2024-08-21,4.73
2024-08-22,4.81
2024-08-23,4.76
2024-08-26,4.77
2024-08-27,4.79
2024-08-28,4.80
2024-08-29,4.82
2024-08-30,4.87
2024-09-02,
2024-09-03,4.81
2024-09-04,4.75
2024-09-05,4.72
2024-09-06,4.72
2024-09-09,4.70
2024-09-10,4.65
2024-09-11,4.66
2024-09-12,4.68
2024-09-13,4.65
2024-09-16,4.59
2024-09-17,4.60
2024-09-18,4.65
2024-09-19,4.66
2024-09-20,4.66
2024-09-23,4.66
2024-09-24,4.66
2024-09-25,4.72
2024-09-26,4.71
2024-09-27,4.69
2024-09-30,4.72
2024-10-01,4.68
2024-10-02,4.71
2024-10-03,4.76
2024-10-04,4.83
2024-10-07,4.87
2024-10-08,4.89
2024-10-09,4.91
2024-10-10,4.94
2024-10-11,4.93
2024-10-14,
2024-10-15,4.86
2024-10-16,4.84
2024-10-17,4.94
2024-10-18,4.94
2024-10-21,5.07
2024-10-22,5.09
2024-10-23,5.11
2024-10-24,5.06
2024-10-25,5.09
2024-10-28,5.12
2024-10-29,5.10
2024-10-30,5.07
2024-10-31,5.09
2024-11-01,5.17
2024-11-04,5.11
2024-11-05,5.05
2024-11-06,5.15
2024-11-07,5.09
2024-11-08,5.03
2024-11-11,
2024-11-12,5.14
2024-11-13,5.22
2024-11-14,5.17
2024-11-15,5.21
2024-11-18,5.19
2024-11-19,5.16
2024-11-20,5.20
2024-11-21,5.22
2024-11-22,5.22
2024-11-25,5.08
2024-11-26,5.11
2024-11-27,5.07
2024-11-28,
2024-11-29,5.01
2024-12-02,4.98
2024-12-03,5.02
2024-12-04,4.97
2024-12-05,4.97
2024-12-06,4.96
2024-12-09,5.02
2024-12-10,5.03
2024-12-11,5.10
2024-12-12,5.16
2024-12-13,5.23
2024-12-16,5.21
2024-12-17,5.19
2024-12-18,5.26
2024-12-19,5.37
2024-12-20,5.35
2024-12-23,5.42
2024-12-24,5.39
2024-12-25,
2024-12-26,5.35
2024-12-27,5.39
2024-12-30,5.35
2024-12-31,5.40
2025-01-01,
2025-01-02,5.41
2025-01-03,5.44
2025-01-06,5.46
2025-01-07,5.54
2025-01-08,5.54
2025-01-09,5.53
2025-01-10,5.58
2025-01-13,5.61
2025-01-14,5.61
2025-01-15,5.48
2025-01-16,5.46
2025-01-17,5.45
2025-01-20,
2025-01-21,5.40
2025-01-22,5.41
2025-01-23,5.46
2025-01-24,5.44
2025-01-27,5.36
2025-01-28,5.38
2025-01-29,5.38
2025-01-30,5.35
2025-01-31,5.43
2025-02-03,5.40
2025-02-04,5.37
2025-02-05,5.27
2025-02-06,5.28
2025-02-07,5.33
